{
  "_meta": {
    "sources": [
      "loopback/common/models",
      "loopback/server/models",
      "../common/models",
      "./models"
    ]
  },
  "User": {
    "dataSource": "db",
    "public": false
  },
  "AccessToken": {
    "dataSource": "db",
    "public": false
  },
  "ACL": {
    "dataSource": "db",
    "public": false
  },
  "RoleMapping": {
    "dataSource": "db",
    "public": false
  },
  "Role": {
    "dataSource": "db",
    "public": false
  },
  "article": {
    "dataSource": "db",
    "public": true
  },
  "user": {
    "dataSource": "db",
    "public": true
  },
  "team": {
    "dataSource": "db",
    "public": false
  },
  "project": {
    "dataSource": "db",
    "public": true
  }
}
