[
  {
    "abstract": "Nostrum aut ea atque.",
    "byline": "By DAVID ZUCCHINO",
    "created_date": "2017-02-10T03:00:25-05:00",
    "image": "https://static01.nyt.com/images/2017/02/07/world/falluja1/falluja1-thumbStandard.jpg",
    "section": "world",
    "title": "Nostrum aut ea atque."
  },
  {
    "abstract": "Praesentium dolorum nemo deserunt.",
    "byline": "Photographs and Text by RUKMINI CALLIMACHI",
    "created_date": "2017-02-09T17:14:52-05:00",
    "image": "https://static01.nyt.com/images/2017/02/09/world/middleeast/10Mosul-slide-4RH2/10Mosul-slide-4RH2-thumbStandard.jpg",
    "section": "world",
    "title": "Praesentium dolorum nemo deserunt."
  },
  {
    "abstract": "Voluptatem ut et aut officiis in est rerum.",
    "byline": "By GAIA PIANIGIANI",
    "created_date": "2017-02-10T17:36:51-05:00",
    "image": "https://static01.nyt.com/images/2017/02/09/world/00calabria1/00calabria1-thumbStandard.jpg",
    "section": "world",
    "title": "Voluptatem ut et aut officiis in est rerum."
  },
  {
    "abstract": "Et ab similique minima.",
    "byline": "By ALISON SMALE",
    "created_date": "2017-02-10T12:29:46-05:00",
    "image": "https://static01.nyt.com/images/2017/02/11/world/11Germany1/11Germany1-thumbStandard.jpg",
    "section": "business",
    "title": "Et ab similique minima."
  },
  {
    "abstract": "Tenetur tenetur repudiandae dicta delectus amet quia deserunt.",
    "byline": "By BENOÎT MORENNE",
    "created_date": "2017-02-10T07:35:42-05:00",
    "image": null,
    "section": "opinion",
    "title": "Tenetur tenetur repudiandae dicta delectus amet quia deserunt."
  },
  {
    "abstract": "Sit natus incidunt culpa earum molestiae.",
    "byline": "By MICHAEL FORSYTHE and PAUL MOZUR",
    "created_date": "2017-02-10T15:56:43-05:00",
    "image": "https://static01.nyt.com/images/2017/02/11/world/11Hongkong1/11Hongkong1-thumbStandard.jpg",
    "section": "national",
    "title": "Sit natus incidunt culpa earum molestiae."
  },
  {
    "abstract": "Praesentium voluptas ut temporibus.",
    "byline": "By FELIPE VILLAMOR",
    "created_date": "2017-02-10T12:49:30-05:00",
    "image": "https://static01.nyt.com/images/2017/02/08/world/asia/08PHILIPPINES-1/08PHILIPPINES-1-thumbStandard.jpg",
    "section": "business",
    "title": "Praesentium voluptas ut temporibus."
  },
  {
    "abstract": "Voluptate sed dolores reprehenderit.",
    "byline": "By PAULINA VILLEGAS and ELISABETH MALKIN",
    "created_date": "2017-02-10T18:40:00-05:00",
    "image": "https://static01.nyt.com/images/2017/02/11/world/11mexico1/11mexico1-thumbStandard.jpg",
    "section": "business",
    "title": "Voluptate sed dolores reprehenderit."
  },
  {
    "abstract": "Maiores nihil laboriosam ut quia aliquam neque velit.",
    "byline": "By SIMON ROMERO",
    "created_date": "2017-02-10T09:30:24-05:00",
    "image": "https://static01.nyt.com/images/2017/02/11/world/11brazil1/11brazil1-thumbStandard.jpg",
    "section": "business",
    "title": "Maiores nihil laboriosam ut quia aliquam neque velit."
  },
  {
    "abstract": "Perferendis rerum distinctio.",
    "byline": "By DIONNE SEARCEY and FRANCOIS ESSOMBA",
    "created_date": "2017-02-10T13:37:22-05:00",
    "image": "https://static01.nyt.com/images/2017/02/08/world/00internetshutdown1/00internetshutdown1-thumbStandard.jpg",
    "section": "business",
    "title": "Perferendis rerum distinctio."
  },
  {
    "abstract": "Sequi nemo alias sed necessitatibus beatae quia facilis atque.",
    "byline": "By JEFFREY GETTLEMAN",
    "created_date": "2017-02-09T14:43:53-05:00",
    "image": "https://static01.nyt.com/images/2017/02/10/world/africa/10kenya1/10kenya1-thumbStandard.jpg",
    "section": "business",
    "title": "Sequi nemo alias sed necessitatibus beatae quia facilis atque."
  },
  {
    "abstract": "Eligendi non enim voluptatum eum maxime perspiciatis sed voluptatem.",
    "byline": "By JOANNA KLEIN",
    "created_date": "2017-02-10T18:08:38-05:00",
    "image": "https://static01.nyt.com/images/2017/02/11/science/11tb-amazon01/11tb-amazon01-thumbStandard.jpg",
    "section": "national",
    "title": "Eligendi non enim voluptatum eum maxime perspiciatis sed voluptatem."
  },
  {
    "abstract": "Quo eos laudantium vitae.",
    "byline": "By THE ASSOCIATED PRESS",
    "created_date": "2017-02-10T17:16:00-05:00",
    "image": null,
    "section": "national",
    "title": "Quo eos laudantium vitae."
  },
  {
    "abstract": "Eum consequuntur voluptas.",
    "byline": "By MICHAEL SCHWIRTZ",
    "created_date": "2017-02-10T16:47:41-05:00",
    "image": "https://static01.nyt.com/images/2017/02/11/world/11Ukraine1/11Ukraine1-thumbStandard.jpg",
    "section": "world",
    "title": "Eum consequuntur voluptas."
  },
  {
    "abstract": "Repellendus est facere modi nihil ratione.",
    "byline": "By CHRISTINE HAUSER",
    "created_date": "2017-02-10T15:02:55-05:00",
    "image": "https://static01.nyt.com/images/2017/02/11/world/middleeast/11camel2_xp/11camel2_xp-thumbStandard.jpg",
    "section": "opinion",
    "title": "Repellendus est facere modi nihil ratione."
  },
  {
    "abstract": "Corrupti dolorem quo non excepturi sit reiciendis sint.",
    "byline": "By PETER BAKER",
    "created_date": "2017-02-10T11:44:16-05:00",
    "image": "https://static01.nyt.com/images/2017/02/11/world/11Settlements/11Settlements-thumbStandard.jpg",
    "section": "business",
    "title": "Corrupti dolorem quo non excepturi sit reiciendis sint."
  },
  {
    "abstract": "Voluptate et vero.",
    "byline": "By JULIE HIRSCHFELD DAVIS and PETER BAKER",
    "created_date": "2017-02-10T09:35:46-05:00",
    "image": "https://static01.nyt.com/images/2017/02/10/us/10abe/10abe-thumbStandard.jpg",
    "section": "business",
    "title": "Voluptate et vero."
  },
  {
    "abstract": "Quis sit dolore.",
    "byline": "By ALAN WONG",
    "created_date": "2017-02-10T09:18:56-05:00",
    "image": null,
    "section": "opinion",
    "title": "Quis sit dolore."
  },
  {
    "abstract": "Quisquam necessitatibus et aut excepturi laborum.",
    "byline": "By JANE PERLEZ",
    "created_date": "2017-02-10T07:43:27-05:00",
    "image": "https://static01.nyt.com/images/2017/02/11/world/11CHINA-1/11CHINA-1-thumbStandard.jpg",
    "section": "national",
    "title": "Quisquam necessitatibus et aut excepturi laborum."
  },
  {
    "abstract": "Deserunt et nemo.",
    "byline": "By THOMAS ERDBRINK",
    "created_date": "2017-02-10T07:04:30-05:00",
    "image": "https://static01.nyt.com/images/2017/02/11/world/11Iran2/11Iran2-thumbStandard-v2.jpg",
    "section": "world",
    "title": "Deserunt et nemo."
  },
  {
    "abstract": "Reiciendis est est sunt maiores.",
    "byline": "By AURELIEN BREEDEN",
    "created_date": "2017-02-10T07:01:58-05:00",
    "image": "https://static01.nyt.com/images/2017/02/11/world/11Montpellier/11Montpellier-thumbStandard.jpg",
    "section": "national",
    "title": "Reiciendis est est sunt maiores."
  },
  {
    "abstract": "Dolores velit quasi quis amet.",
    "byline": "By JASON HOROWITZ",
    "created_date": "2017-02-10T05:00:35-05:00",
    "image": "https://static01.nyt.com/images/2017/02/12/us/21Evola1/10Evola1-thumbStandard.jpg",
    "section": "opinion",
    "title": "Dolores velit quasi quis amet."
  },
  {
    "abstract": "Tempora harum quae dolores similique accusamus rerum porro et ut.",
    "byline": "By MEGAN SPECIA and YARA BISHARA",
    "created_date": "2017-02-10T03:22:14-05:00",
    "image": null,
    "section": "national",
    "title": "Tempora harum quae dolores similique accusamus rerum porro et ut."
  },
  {
    "abstract": "Officiis reprehenderit dolores maiores veniam iste inventore et quasi.",
    "byline": "By GERRY MULLANY",
    "created_date": "2017-02-10T01:10:33-05:00",
    "image": "https://static01.nyt.com/images/2017/02/11/world/11whales-5/11whales-5-thumbStandard.jpg",
    "section": "national",
    "title": "Officiis reprehenderit dolores maiores veniam iste inventore et quasi."
  },
  {
    "abstract": "Labore veniam nostrum sit necessitatibus esse ad dolor.",
    "byline": "By SAM ROBERTS",
    "created_date": "2017-02-09T19:17:18-05:00",
    "image": "https://static01.nyt.com/images/2017/02/10/world/10rosling-obit-1/10rosling-obit-1-thumbStandard.jpg",
    "section": "world",
    "title": "Labore veniam nostrum sit necessitatibus esse ad dolor."
  },
  {
    "abstract": "Repudiandae eum voluptatem qui ut quo id voluptatibus et.",
    "byline": "By DECLAN WALSH and NOUR YOUSSEF",
    "created_date": "2017-02-09T17:04:18-05:00",
    "image": "https://static01.nyt.com/images/2017/02/10/world/10egypt/10egypt-thumbStandard.jpg",
    "section": "opinion",
    "title": "Repudiandae eum voluptatem qui ut quo id voluptatibus et."
  },
  {
    "abstract": "Voluptatem rem voluptatem quasi.",
    "byline": "By MOTOKO RICH",
    "created_date": "2017-02-09T16:31:03-05:00",
    "image": "https://static01.nyt.com/images/2017/02/10/world/asia/10japan3/10japan3-thumbStandard.jpg",
    "section": "business",
    "title": "Voluptatem rem voluptatem quasi."
  },
  {
    "abstract": "Nemo adipisci non veniam.",
    "byline": "By AURELIEN BREEDEN",
    "created_date": "2017-02-09T15:49:31-05:00",
    "image": "https://static01.nyt.com/images/2017/02/10/world/10eiffel1/10eiffel1-thumbStandard.jpg",
    "section": "world",
    "title": "Nemo adipisci non veniam."
  },
  {
    "abstract": "Doloremque ut iure.",
    "byline": "By NIDA NAJAR",
    "created_date": "2017-02-09T15:00:06-05:00",
    "image": "https://static01.nyt.com/images/2017/02/10/world/10Maldives/10Maldives-thumbStandard.jpg",
    "section": "world",
    "title": "Doloremque ut iure."
  },
  {
    "abstract": "Consequatur omnis omnis.",
    "byline": "By ANNE BARNARD",
    "created_date": "2017-02-09T14:10:33-05:00",
    "image": "https://static01.nyt.com/images/2017/02/10/world/10syria1/10syria1-thumbStandard.jpg",
    "section": "business",
    "title": "Consequatur omnis omnis."
  },
  {
    "abstract": "Nesciunt laborum dolor porro quibusdam ea atque impedit.",
    "byline": "By NIKI KITSANTONIS",
    "created_date": "2017-02-09T13:20:45-05:00",
    "image": "https://static01.nyt.com/images/2017/02/10/world/10Migrants1/10Migrants1-thumbStandard.jpg",
    "section": "world",
    "title": "Nesciunt laborum dolor porro quibusdam ea atque impedit."
  },
  {
    "abstract": "Exercitationem quae unde molestias molestiae dolorum doloremque ipsam sit.",
    "byline": "By FRANCOIS ESSOMBA and DIONNE SEARCEY",
    "created_date": "2017-02-09T13:06:28-05:00",
    "image": null,
    "section": "world",
    "title": "Exercitationem quae unde molestias molestiae dolorum doloremque ipsam sit."
  },
  {
    "abstract": "Et esse nihil adipisci qui necessitatibus maiores sit.",
    "byline": "By PETER BAKER and MARK LANDLER",
    "created_date": "2017-02-09T12:51:59-05:00",
    "image": "https://static01.nyt.com/images/2017/02/10/world/10diplo5-web/10diplo5-web-thumbStandard.jpg",
    "section": "world",
    "title": "Et esse nihil adipisci qui necessitatibus maiores sit."
  },
  {
    "abstract": "Reiciendis inventore quam est.",
    "byline": "By DAN BILEFSKY",
    "created_date": "2017-02-09T12:39:20-05:00",
    "image": "https://static01.nyt.com/images/2017/02/10/world/10Dutch1/10Dutch1-thumbStandard.jpg",
    "section": "national",
    "title": "Reiciendis inventore quam est."
  },
  {
    "abstract": "Possimus aut sit velit qui recusandae.",
    "byline": "By KIMIKO de FREYTAS-TAMURA",
    "created_date": "2017-02-09T12:36:49-05:00",
    "image": "https://static01.nyt.com/images/2017/02/10/arts/10darcy_xp/10darcy_xp-thumbStandard.jpg",
    "section": "world",
    "title": "Possimus aut sit velit qui recusandae."
  },
  {
    "abstract": "Distinctio similique eius quod nihil in magnam.",
    "byline": "By MICHAEL R. GORDON",
    "created_date": "2017-02-09T12:17:23-05:00",
    "image": "https://static01.nyt.com/images/2017/02/10/us/10military/10military-thumbStandard.jpg",
    "section": "business",
    "title": "Distinctio similique eius quod nihil in magnam."
  },
  {
    "abstract": "Dolorem aut expedita ut.",
    "byline": "By ALISON SMALE",
    "created_date": "2017-02-09T11:41:41-05:00",
    "image": "https://static01.nyt.com/images/2017/02/10/world/10Germany1/10Germany1-thumbStandard.jpg",
    "section": "national",
    "title": "Dolorem aut expedita ut."
  },
  {
    "abstract": "Eius eligendi natus quia ea numquam et ex qui doloremque.",
    "byline": "By MARTIN de BOURMONT",
    "created_date": "2017-02-09T09:30:23-05:00",
    "image": "https://static01.nyt.com/images/2017/01/18/world/18Roma1/18Roma1-thumbStandard.jpg",
    "section": "world",
    "title": "Eius eligendi natus quia ea numquam et ex qui doloremque."
  },
  {
    "abstract": "Non est deleniti consectetur.",
    "byline": "By THOMAS ERDBRINK",
    "created_date": "2017-02-09T08:33:51-05:00",
    "image": "https://static01.nyt.com/images/2017/02/10/world/10iran-1486658636911/10iran-1486658636911-thumbStandard.jpg",
    "section": "business",
    "title": "Non est deleniti consectetur."
  },
  {
    "abstract": "Labore dicta quis maxime ipsum.",
    "byline": "By MARK LANDLER and MICHAEL FORSYTHE",
    "created_date": "2017-02-09T05:47:54-05:00",
    "image": "https://static01.nyt.com/images/2017/02/10/world/10chinatrump/10chinatrump-thumbStandard.jpg",
    "section": "business",
    "title": "Labore dicta quis maxime ipsum."
  }
]